#	Indicator Name	Description	Objective / Goal	Underlying Metrics	Parent Metrics	Potential Reference Values	Unit	Formula	Reference	Level	Data?	Data Source	Product Life Cycle Stages	Calculation Strategy	Example Value	Weight	Comment	Target Min	Target Max	Value	Reference Value
EN0	Environmental Impact Score	Measures the overall environmental impact of a product. It consists of metrics that specifically directly impacts the environments. The score ranges from 0 being damaging for the environment and 1 being the ideal case of an environmental friendly product.	To provide one single metric to represent the overall environmental performance.	EN1\nEN2\nEN3\nEN4\nEN5\nEN6\nEN7\nEN8	None	None	%	Sum (weight * EN1 + … + weight * EN8)		1			All	WEIGHTED_AVERAGE_STRATEGY
EN1	Product Carbon Footprint Score	Aggregates the product's carbon-footprint performance into one score by combining its industry benchmark (EN11), improvement versus previous versions (EN12), and reduction rate over time (EN13). Provides an actionable overview for improving the product's climate performance.	To provide an overview of PCF comparisons in lifecycle phases and across product versions.	EN11\nEN12\nEN13	EN0\nEN9	None	%	Sum (weight * EN11 + weight * EN12 + weight * EN13)	ISO 14067	2			All	WEIGHTED_AVERAGE_STRATEGY		0.125
EN11	PCF Industry Performance	Measures the PCF performance comparison of a product compared to other comparable product to indicate eco-friendliness in the industry.	To position the product competitively on climate impact. To provide a competitive benchmark.	EN1-4\nEN1-5	EN1	Target Value: Min, Max\nIndustry Value	%	Performance = 1 - Product / Industry\n\n(Performance - Min) / (Max - Min)		3			All	NORMALIZED_RATIO_STRATEGY		0.3333	Needs actual PCF and Industry Average for calculation | Min/Max seeded to default 0/1 — this ratio is already a 0-1 score; override only to score against a tighter target band. See reviews/min-max-sourcing.md (T1.2).	0	1
EN12	PCF Version Improvement	Measures the PCF performance comparison of a product compared to previous versions to indicate improvement in the product's life cycle.	To ensure continuous product improvement.	EN1-4	EN1	Target Value: Min, Max\nPrevious Version Value	%	Improvement = 1 - Current / Previous\n\n(Improvement - Min) / (Max - Min)		3			All	NORMALIZED_RATIO_STRATEGY		0.3333	Needs actual PCF and PCF of previous product for calculation | Min/Max seeded to default 0/1 — this ratio is already a 0-1 score; override only to score against a tighter target band. See reviews/min-max-sourcing.md (T1.2).	0	1
EN13	PCF Reduction Rate	Measures the percentage reduction in the product's absolute PCF (EN1-4) over time, comparing the current value against an earlier base period. Tracks progress toward the product's climate targets.	To track progress toward climate targets.	EN1-4	EN1	Target Value: Min, Max\nTimeframed	%	Reduction = 1 - Now / PreviousTime\n\n(Reduction - Min) / (Max - Min)	ESRS E1-4	3			All	NORMALIZED_RATIO_STRATEGY		0.3334	Min/Max seeded to default 0/1 — this ratio is already a 0-1 score; override only to score against a tighter target band. See reviews/min-max-sourcing.md (T1.2).	0	1
EN14	Lifecycle Phase Emission	Measures breakdown of emissions across different stages of the product lifecycle to identify hotspots (i.e., stages with the highest emissions).	To reveal where to focus emission reductions based on largest phase share.	EN131\nEN132\nEN133\nEN134\nEN135	None	Target Value: Min, Max (For each phase)	%	Sum (weight * EN131 + … + weight * EN134)		3			All	WEIGHTED_AVERAGE_STRATEGY		0.25	Without the weights, the result should be the same as EN1-4 metric, which aggregates the whole CO2eq. But here, companies could focus on the specific phases by assigning different weights to different phases. | ARCHIVED — optional; needs per-stage LCA data; not in score (2026-06)
EN131	Sourcing Emission Ratio	Measures the emissions associated with the procurement of raw materials and inputs used in the product.	None	EN1-1\nEN1-2\nEN1-3	EN14	Target Value: Min, Max	%	(Actual - Min) / (Max - Min)		4			S	NORMALIZED_RATIO_STRATEGY		0.2	ARCHIVED — optional; needs per-stage LCA data; not in score (2026-06)
EN132	Production Emission Ratio	Measures the emissions generated from the manufacturing and assembly of the product.	None	EN1-1\nEN1-2\nEN1-3	EN14	Target Value: Min, Max	%	(Actual - Min) / (Max - Min)		4			M	NORMALIZED_RATIO_STRATEGY		0.2	ARCHIVED — optional; needs per-stage LCA data; not in score (2026-06)
EN133	Distribution Emission Ratio	Measures the emissions generated from the distribution of product to end users.	None	EN1-1\nEN1-2\nEN1-3	EN14	Target Value: Min, Max	%	(Actual - Min) / (Max - Min)		4			D	NORMALIZED_RATIO_STRATEGY		0.2	ARCHIVED — optional; needs per-stage LCA data; not in score (2026-06)
EN134	Use and Maintenance Emission Ratio	Measures the emissions during the operational use and maintenance of the product throughout its useful life.	None	EN1-1\nEN1-2\nEN1-3	EN14	Target Value: Min, Max	%	(Actual - Min) / (Max - Min)		4			U	NORMALIZED_RATIO_STRATEGY		0.2	ARCHIVED — optional; needs per-stage LCA data; not in score (2026-06)
EN135	End-of-Life Emission Ratio	Measures the emissions associated with the processing and handling of the product when it reaches the end of its life cycle.	None	EN1-1\nEN1-2\nEN1-3	EN14	Target Value: Min, Max	%	(Actual - Min) / (Max - Min)		4			E	NORMALIZED_RATIO_STRATEGY		0.2	ARCHIVED — optional; needs per-stage LCA data; not in score (2026-06)
EN1-1	Scope 1 - Direct Emissions	Direct emissions from owned/controlled sources (e.g., fuel combustion, company vehicles).	None	None	EN1-4\nEN131\nEN132\nEN133\nEN134\nEN135	None	kg CO₂ eq.	None	ESRS E1-6\nIFRS S2\nSASB-RT-CP-110a.1	5	x	LCA	All	RAW_VALUE_STRATEGY
EN1-2	Scope 2 - Purchased Indirect Emissions	Indirect emissions from purchased electricity, heat, or steam.	None	None	EN1-4\nEN131\nEN132\nEN133\nEN134\nEN135	None	kg CO₂ eq.	None	ESRS E1-6\nIFRS S2	5	x	LCA	All	RAW_VALUE_STRATEGY
EN1-3	Scope 3 - Other Indirect Emissions	Other indirect emissions from the value chain (e.g., supply chain, business travel, product use).	None	None	EN1-4\nEN131\nEN132\nEN133\nEN134\nEN135	None	kg CO₂ eq.	None	ESRS E1-6\nIFRS S2	5	x	LCA	All	RAW_VALUE_STRATEGY
EN1-4	Absolute PCF	The total greenhouse gas emissions associated with the product across its lifecycle	None	EN1-1\nEN1-2\nEN1-3	EN11\nEN12\nEN13\nEC5	None	kg CO₂ eq.	Sum of 1,2,3 scope emissions	ESRS E1-6\nIFRS S2\nISO 14067\nEN 15804	5		LCA	All	SUM_AGGREGATE_STRATEGY			A part of PEF Impact Factor of Climate Change (kg CO₂ eq.)\nProduct-level adaptation: cited ESRS E1-6 / IFRS S2 report org-level total GHG; this is the product carbon footprint (PCF).
EN1-5	Comparable Industry PCF	The total greenhouse gas emissions of a comparable industry product across its lifecycle, taken from a PEF/EPD sector benchmark (a Product Environmental Footprint or EPD sector reference value for the product category).	None	None	EN11	None	kg CO₂ eq.	None		5	x	LCA	All	RAW_VALUE_STRATEGY
EN2	Sustainable Resource Consumption Score	Measures the overall sustainability of energy and water consumption throughout the product's lifecycle. It focuses on the consumption of renewable and reused resources.	To reduce non-renewable resource use and water withdrawal.	EN21\nEN22	EN0	None	%	Sum (weight * EN21 + weight * EN22)		2			All	WEIGHTED_AVERAGE_STRATEGY		0.125
EN21	Renewable Energy Utilization Rate	Measures the proportion of renewable energy used throughout the product's life cycle.	To reduce dependency on fossil energy and support net-zero targets.	EN2-1\nEN2-2	EN2	Target Value: Min, Max\nIndustry Average	%	Utilization = renewable / total used\n\n(Utilization - Min) / (Max - Min)	SASB RT-CP-130a.1	3			All	NORMALIZED_RATIO_STRATEGY		0.5	Min/Max seeded to default 0/1 — this ratio is already a 0-1 score; override only to score against a tighter target band. See reviews/min-max-sourcing.md (T1.2).	0	1
EN22	Secondary Water Utilization Rate	Measures the proportion of secondary water used throughout the product's life cycle.	To reduce freshwater withdrawal.	EN2-3\nEN2-4	EN2	Target Value: Min, Max\nIndustry Average	%	Utilization = secondary / total used\n\n(Utilization - Min) / (Max - Min)	GRI 303\nISO 14046	3			All	NORMALIZED_RATIO_STRATEGY	max=1\nmin=0.5	0.5	Min/Max seeded to default 0/1 — this ratio is already a 0-1 score; override only to score against a tighter target band. See reviews/min-max-sourcing.md (T1.2).	0	1
EN2-1	Energy consumption from renewable sources	Total trackable renewable energy used throughout the product's lifecycle.	None	None	EN21	None	kWh	None	RE+20	5	x		All	RAW_VALUE_STRATEGY
EN2-2	Total energy used	Total energy consumed throughout the product's lifecycle.	None	None	EN21	None	kWh	None		5	x		All	RAW_VALUE_STRATEGY
EN2-3	Water consumption from secondary sources	Total water utilized / reused from wastewater throughout the product's lifecycle.	None	None	EN22	None	m3	None		5	x		All	RAW_VALUE_STRATEGY	97500
EN2-4	Total water consumption	Total water consumption throughout the product's lifecycle.	None	None	EN22	None	m3	None		5	x		All	RAW_VALUE_STRATEGY	150000
EN3	Hazardous Material & Waste Management Score	Aggregates the product's handling of hazardous waste and hazardous materials into one score by combining the hazardous-waste minimization rate (EN31) and the hazardous-material share (EN32). Higher scores mean less hazardous waste generated and a smaller share of hazardous materials in the product.	To reduce toxic material usage and hazardous waste generation. To ensure safe handling of resources.	EN31\nEN32	EN0	None	%	Sum (weight * EN31 + weight * EN32)	ESRS E5-5	2			All	WEIGHTED_AVERAGE_STRATEGY		0.125
EN31	Hazardous Waste Minimization Rate	Measures the reduction in toxic waste generation throughout the product lifecycle.	To track progress for lowering the generation of hazardous waste.	EN3-1	EN3	Target Value: Min, Max\nValue to a given value in time	%	Minimization = (PreviousTime - Actual) / PreviousTime\n\n(Minimization - Min) / (Max - Min)	GRI 306-3\nRE+20	3			All	NORMALIZED_RATIO_STRATEGY		0.5	Min/Max seeded to default 0/1 — this ratio is already a 0-1 score; override only to score against a tighter target band. See reviews/min-max-sourcing.md (T1.2).	0	1
EN32	Hazardous Material Share	Measures the share of the product's total material mass that is non-hazardous, computed as one minus the ratio of hazardous-material mass (EN3-2) to total material mass (EN3-3). Higher when a smaller fraction of the product is made of hazardous materials.	To reduce the presence of hazardous substances by material substitution and other alternatives.	EN3-2\nEN3-3	EN3	Target Value: Min, Max	%	1 - (Hazardous Material / Total Material)	ESRS E5-5\nGRI 306-3	3			All	NORMALIZED_RATIO_STRATEGY		0.5	Min/Max seeded to default 0/1 — this ratio is already a 0-1 score; override only to score against a tighter target band. See reviews/min-max-sourcing.md (T1.2).	0	1
EN3-1	Amount of hazardous waste	Total mass of hazardous waste produced throughout the product's lifecycle.	None	None	EN31	None	kg	None		5	x		D,U,E	RAW_VALUE_STRATEGY
EN3-2	Amount of hazardous materials	Total mass of hazardous material used throughout the product's lifecycle.	None	None	EN32	None	kg	None		5	x		S,M	RAW_VALUE_STRATEGY		0.5
EN3-3	Total materials used	Total mass of materials used throughout the product's lifecycle.	None	None	EN32	None	kg	None		5	x		P,S,M	RAW_VALUE_STRATEGY		0.5
EN4	Water Footprint Score	Aggregates the product's water-footprint performance into one score by combining its water-use intensity (EN41), water-footprint reduction over time (EN42), and water-independence ratio (EN43). Provides an actionable overview for tracking and improving the product's water performance across its life cycle.	To provide a view for comparing and tracking water performance across the product's lifecycle.	EN41\nEN42\nEN43	EN0	None	%	Sum (weight * EN41 + weight * EN42 + weight * EN43)	ESRS E3-4\nGRI 303\nISO 14046\nISO 14044	2			All	WEIGHTED_AVERAGE_STRATEGY		0.125
EN41	Water Footprint Intensity	Measures water use per unit of output or produced units. Normalizes water use for comparison and benchmarking.	To benchmark operational efficiency.	EN4-4\nR2-7	EN4	Target Value: Min, Max	%	Intensity [m3 / fu] = Water Use / Total Produced Units\n\n(Intensity - Min) / (Max - Min)		3			All	NORMALIZED_RATIO_STRATEGY		0.3333
EN42	Water Footprint Reduction	Measures the percentage reduction in total water use compared to a previous time.	To track progress for lowering the water footprint.	EN4-4	EN4	Target Value: Min, Max\nTimeframed	%	Reduction = (PreviousTime - Now) / PreviousTime\n\n(Reduction - Min) / (Max - Min)		3			All	NORMALIZED_RATIO_STRATEGY		0.3333	Min/Max seeded to default 0/1 — this ratio is already a 0-1 score; override only to score against a tighter target band. See reviews/min-max-sourcing.md (T1.2).	0	1
EN43	Water Independence Ratio	Measures the share of the product's water footprint that is not blue water (green + gray), i.e. its independence from freshwater withdrawal. Higher means less reliance on scarce surface and groundwater resources.	To reduce reliance on freshwater (blue water) within the total water footprint.	EN4-1\nEN4-4	EN4	Target Value: Min, Max	%	Independence = 1 - Blue / Absolute = (Green + Gray) / Absolute Water Footprint		3			All	NORMALIZED_RATIO_STRATEGY		0.3334	2026-06-28: flipped direction (user decision). Was 'Water Dependency Ratio' = Blue/Absolute — freshwater dependency (lower=better) that was never complemented, so it scored backwards under the higher=better normalization (an ascending band cannot fix a monotonic-increasing ratio). Reformulated as the complement 1 - Blue/Absolute = (Green+Gray)/Absolute = independence share (higher=better), renamed 'Water Independence Ratio', and seeded Min=0/Max=1 (now a bounded ratio; moved from PERFORMANCE_DIRECTION to SEED_01). Same fix as R12. See reviews/min-max-sourcing.md.	0	1
EN44	Lifecycle Water Footprint Ratio	Aggregates the product's per-stage water footprints (sourcing EN441, production EN442, distribution EN443, use & maintenance EN444, end-of-life EN445) into one weighted-average lifecycle ratio, to identify which stage dominates water use. (Archived — requires per-stage water inputs.)	To identify where to focus water reduction efforts.	EN441\nEN442\nEN443\nEN444\nEN445	None	None	%	Avg (Stage Water Footprint)		3			All	WEIGHTED_AVERAGE_STRATEGY		0.25	ARCHIVED — optional; needs per-stage LCA data; not in score (2026-06)
EN441	Sourcing Water Footprint Ratio	Measures the water footprint associated with the procurement of raw materials and inputs used in the product.	None	EN4-1\nEN4-2\nEN4-3	EN44	Target Value: Min, Max	%	(Actual - Min) / (Max - Min)		4			S	NORMALIZED_RATIO_STRATEGY		0.2	ARCHIVED — optional; needs per-stage LCA data; not in score (2026-06)
EN442	Production Water Footprint Ratio	Measures the water footprint associated from the manufacturing and assembly of the product.	None	EN4-1\nEN4-2\nEN4-3	EN44	Target Value: Min, Max	%	(Actual - Min) / (Max - Min)		4			M	NORMALIZED_RATIO_STRATEGY		0.2	ARCHIVED — optional; needs per-stage LCA data; not in score (2026-06)
EN443	Distribution Water Footprint Ratio	Measures the water footprint associated from the distribution of product to end users.	None	EN4-1\nEN4-2\nEN4-3	EN44	Target Value: Min, Max	%	(Actual - Min) / (Max - Min)		4			D	NORMALIZED_RATIO_STRATEGY		0.2	ARCHIVED — optional; needs per-stage LCA data; not in score (2026-06)
EN444	Use and Maintenance Water Footprint Ratio	Measures the water footprint during the operational use and maintenance of the product throughout its useful life.	None	EN4-1\nEN4-2\nEN4-3	EN44	Target Value: Min, Max	%	(Actual - Min) / (Max - Min)		4			U	NORMALIZED_RATIO_STRATEGY		0.2	ARCHIVED — optional; needs per-stage LCA data; not in score (2026-06)
EN445	End-of-Life Water Footprint Ratio	Measures the water footprint associated with the processing and handling of the product when it reaches the end of its life cycle.	None	EN4-1\nEN4-2\nEN4-3	EN44	Target Value: Min, Max	%	(Actual - Min) / (Max - Min)		4			E	NORMALIZED_RATIO_STRATEGY		0.2	ARCHIVED — optional; needs per-stage LCA data; not in score (2026-06)
EN4-1	Blue Water Footprint	Volume of freshwater withdrawn from surface or groundwater resources.	None	None	EN4-4\nEN43\nEN441\nEN442\nEN443\nEN444\nEN445	None	m3	None	waterfootprintnetwork\nTF+25	5	x		All	RAW_VALUE_STRATEGY
EN4-2	Green Water Footprint	Volume of rainwater consumed (stored in soil or vegetation) during a product's lifecycle.	None	None	EN4-4\nEN441\nEN442\nEN443\nEN444\nEN445	None	m3	None	waterfootprintnetwork\nTF+25	5	x		All	RAW_VALUE_STRATEGY
EN4-3	Gray Water Footprint	Volume of water required to dilute pollutants to meet water quality standards.	None	None	EN4-4\nEN441\nEN442\nEN443\nEN444\nEN445	None	m3	None	waterfootprintnetwork\nTF+25	5	x		All	RAW_VALUE_STRATEGY
EN4-4	Absolute Water Footprint	The total water footprint associated with the product across its lifecycle	None	EN4-1\nEN4-2\nEN4-3	EN41\nEN42\nEN43	None	m3	Sum of blue, green, gray water footprint		5			All	SUM_AGGREGATE_STRATEGY
EN5	Biodiversity Impact Score	Measures the product's impact on local ecosystems and biodiversity.	To give an overview of how the product affects the ecology and biodiversity around it's production area.	EN5-1\nEN5-2	EN0\nEN9	Target Value: Min, Max\nIndustry Average	%	Impact = Quality Change * Land Use per FU\n\n(Impact - Min) / (Max - Min)	GRI 101\nJQ+25\nJPL+19	2			S,M	NORMALIZED_RATIO_STRATEGY		0.125
EN5-1	Land Quality Change	Measures the difference in ecological quality (or "naturalness") of land before and after it is used for a specific purpose.	None	None	EN5	None	BVI	None	JQ+25\nJPL+19	5	x		S,M	RAW_VALUE_STRATEGY
EN5-2	Land Use per Functional Unit	Measures the amount of land used involved in manufacturing the product	None	None	EN5	None	m2a / FU	None	JQ+25\nJPL+19\nEUPEF+21	5	x	LCA	S,M	RAW_VALUE_STRATEGY		0.5	A part of PEF Impact Factor of Land Use (Pt.)\nRaw m²a must be characterised (×CF) before feeding the PEF single score (EN9).
EN6	Pollution & Effects on Nature Score	Measures the product's pollution impact on humans and environment. Based on the PEF impact factor categorization.	To reduce the product's pollutant emissions and their harm to people and ecosystems.	EN6-1\nEN6-2\nEN6-3\nEN6-4\nEN6-5\nEN6-6\nEN6-7\nEN6-8	EN0\nEN9	Target Value: Min, Max	%	Weighted average of the eight children's normalized scores (EF normalize → EF-weight → sum).	EUPEF+21	2			S,M	WEIGHTED_AVERAGE_STRATEGY		0.125	Contains 8 PEF impact factors | PEF/EF: enter each child's EF normalisation factor as its Target Max (Min=0) and its EF weighting factor as its Weight — values from the JRC EF reference package (eplca.jrc.ec.europa.eu/LCDN).
EN6-1	Ozone depletion	Measures the emissions of long-lived gases such as chlorofluorocarbons (CFCs), hydrochlorofluorocarbons (HCFCs), and Halons.	None	None	EN6	None	kg CFC-11 eq	EDIP model from ODPs of the World Meteorological Organisation (WMO) over an infinite time horizon	AO+24\nEUPEF+21	5	x	LCA	S,M,D	NORMALIZED_RATIO_STRATEGY		0.125	Product-level adaptation of org-level EF/PEF impact category (EUPEF+21).
EN6-2	Respiratory inorganics	Measures the adverse health effects on humans caused by Particulate Matter (PM) and its precursors, such as nitrogen oxides (NOx), sulfur oxides (SOx), and ammonia (NH3​)	None	None	EN6	None	Disease incidences per kg of PM2.5 (μm)	PM model (Fantke et al., 2016) as in EF/PEF	EUPEF+21	5	x	LCA	All	NORMALIZED_RATIO_STRATEGY		0.125	Product-level adaptation of org-level EF/PEF impact category (EUPEF+21).	 
EN6-3	Photochemical ozone formation	Measures the formation of ground-level (tropospheric) ozone, often referred to as "smog". It is caused by the photochemical oxidation of volatile organic compounds (VOCs) and carbon monoxide in the presence of nitrogen oxides and sunlight, which can damage vegetation and human respiratory tracts.	None	None	EN6	None	kg NMVOC eq.	LOTOS-EUROS model in ReCiPe	VZ+08\nEUPEF+21	5	x	LCA	All	NORMALIZED_RATIO_STRATEGY		0.125	Product-level adaptation of org-level EF/PEF impact category (EUPEF+21).
EN6-4	Eutrophication: Terrestrial	The product's contribution to terrestrial eutrophication: deposition of excess nitrogen compounds (from sources such as fertilisers and emissions) onto soils, measured as accumulated exceedance of critical loads (mol N eq). Self-normalized against the EF terrestrial-eutrophication normalisation factor.	None	None	EN6	None	Mole of N eq.	Accumulated Exceedance (AE) model	ILCD2011\nEUPEF+21	5	x	LCA	S,M	NORMALIZED_RATIO_STRATEGY		0.125	Product-level adaptation of org-level EF/PEF impact category (EUPEF+21).
EN6-5	Eutrophication: Marine	Measures the eutrophication occurs when excess nutrients (mainly nitrogen and phosphorus) from sources like fertilizers and sewage accelerate the growth of algae, which reaches the marine end compartment.	None	None	EN6	None	kg N eq.	EUTREND model	ReCiPe2008\nEUPEF+21	5	x	LCA	S,M	NORMALIZED_RATIO_STRATEGY		0.125	Product-level adaptation of org-level EF/PEF impact category (EUPEF+21).
EN6-6	Eutrophication: Freshwater	Measures the eutrophication occurs when excess nutrients (mainly nitrogen and phosphorus) from sources like fertilizers and sewage accelerate the growth of algae, which reaches the freshwater end compartment.	None	None	EN6	None	kg P eq.	EUTREND model	ReCiPe2008\nEUEP-FW\nEUPEF+21	5	x	LCA	S,M	NORMALIZED_RATIO_STRATEGY		0.125	Product-level adaptation of org-level EF/PEF impact category (EUPEF+21).
EN6-7	Acidification	Measures the impact of acidifying substances primarily nitrogen oxides (NOx), ammonia (NH3​), and sulfur oxides (SOx), which release hydrogen ions when mineralized.	None	None	EN6	None	Mole of H+ eq.	Accumulated Exceedance (AE) model	ILCD2011\nEUPEF+21	5	x	LCA	S,M,E	NORMALIZED_RATIO_STRATEGY		0.125	Product-level adaptation of org-level EF/PEF impact category (EUPEF+21).
EN6-8	Ionizing radiation	Measures the adverse effects on human health resulting from exposure to radioactive releases into the environment.	None	None	EN6	None	kBq U-235 eq.	Human health effect model	FR+00\nEUPEF+21	5	x	LCA	All	NORMALIZED_RATIO_STRATEGY		0.125	Product-level adaptation of org-level EF/PEF impact category (EUPEF+21).
EN7	Toxicity Score	Measures the product's toxic impact on humans and environment. Based on the PEF impact factor categorization.	To reduce the product's toxic impact on human health and ecosystems.	EN7-1\nEN7-2\nEN7-3	EN0\nEN9	Target Value: Min, Max	%	Weighted average of the three normalized toxicity sub-categories (EN7-1, EN7-2, EN7-3).	EUPEF+21	2			S,M,D,U	WEIGHTED_AVERAGE_STRATEGY		0.125	Contains 3 PEF impact factors | PEF/EF: enter each child's EF normalisation factor as its Target Max (Min=0) and its EF weighting factor as its Weight — values from the JRC EF reference package (eplca.jrc.ec.europa.eu/LCDN).
EN7-1	Human toxicity: cancer	Measures the adverse health effects on human beings related to the intake of toxic substances that are known to cause cancer.	None	None	EN7	None	CTUh	Characterised result (CTUh, USEtox) ÷ EF normalisation factor (Target Max); Min = 0.	USEtox2.0\nEUPEF+21	5	x	LCA	S,M,D,U	NORMALIZED_RATIO_STRATEGY		0.3333	Product-level adaptation of org-level EF/PEF impact category (EUPEF+21).
EN7-2	Human toxicity: non-cancer	Measures the adverse health effects on human beings caused by the intake of toxic substances that are related to non-cancer effects.	None	None	EN7	None	CTUh	Characterised result (CTUh, USEtox) ÷ EF normalisation factor (Target Max); Min = 0.	USEtox2.0\nEUPEF+21	5	x	LCA	S,M,D,U	NORMALIZED_RATIO_STRATEGY		0.3333	Product-level adaptation of org-level EF/PEF impact category (EUPEF+21).
EN7-3	Ecotoxicity: freshwater	Measures the toxic impacts of chemical releases on a freshwater ecosystem. It measures how toxic substances damage individual species and subsequently change the structure and function of the entire ecosystem.	None	None	EN7	None	CTUe	Characterised result (CTUe, USEtox) ÷ EF normalisation factor (Target Max); Min = 0.	USEtox2.0\nEUPEF+21	5	x	LCA	S,M	NORMALIZED_RATIO_STRATEGY		0.3334	Product-level adaptation of org-level EF/PEF impact category (EUPEF+21).
EN8	Resource Deprivation Score	Measures the product's resource depletion impact on the environment. Covers the deprivation due to use of water, minerals, metals, and fossil.	To reduce the product's depletion of scarce water, mineral, metal, and fossil resources.	EN8-1\nEN8-2\nEN8-3	EN0\nEN9	Target Value: Min, Max	%	Weighted average of the three normalized resource sub-categories (EN8-1, EN8-2, EN8-3).	EUPEF+21	2			S,M	WEIGHTED_AVERAGE_STRATEGY		0.125	Contains 3 PEF impact factors | PEF/EF: enter each child's EF normalisation factor as its Target Max (Min=0) and its EF weighting factor as its Weight — values from the JRC EF reference package (eplca.jrc.ec.europa.eu/LCDN).
EN8-1	Water Use Scarcity	Total deprivation of freshwater resources. Assesses the product's water resource consumption. (weighted deprivation water consumption)	None	None	EN8	None	m3	Characterised result (m³ deprived, AWARE) ÷ EF normalisation factor (Target Max); Min = 0.	BA+17\nEUPEF+21	5	x	LCA	S,M	NORMALIZED_RATIO_STRATEGY		0.3333	Product-level adaptation of org-level EF/PEF impact category (EUPEF+21).
EN8-2	Resource Use: Minerals & Metals	Total abiotic resource depletion (ADP ultimate reserves)	None	None	EN8	None	kg Sb eq.	Characterised result (kg Sb eq, CML2002) ÷ EF normalisation factor (Target Max); Min = 0.	OL+02\nEUPEF+21	5	x	LCA	S,M	NORMALIZED_RATIO_STRATEGY		0.3333	Product-level adaptation of org-level EF/PEF impact category (EUPEF+21).
EN8-3	Resource Use: Fossil	Total abiotic resource depletion - fossil fuels (ADP fossil)	None	None	EN8	None	MJ	Characterised result (MJ, CML2002) ÷ EF normalisation factor (Target Max); Min = 0.	OL+02\nEUPEF+21	5	x	LCA	S,M	NORMALIZED_RATIO_STRATEGY		0.3334	Product-level adaptation of org-level EF/PEF impact category (EUPEF+21).
EN9	PEF Single Score	Measures the overall (EU) PEF performance of a product. The resulting score by itself does not represent anything and needs to be compared to another product's PEF single score.	To allow benchmarking between products.	EN1\nEN5\nEN6\nEN7\nEN8	None	Target Value: Min, Max	-	Each impact factor is normalized to a "global average person's emissions over one year."\nThen weighted as instructed in the EF guidelines.\nThe weighted, normalized results are summed across categories to the PEF single score.	EUPEF+21	2			All	WEIGHTED_AVERAGE_STRATEGY		0.1112	PEF/EF: enter each child's EF normalisation factor as its Target Max (Min=0) and its EF weighting factor as its Weight — values from the JRC EF reference package (eplca.jrc.ec.europa.eu/LCDN). EN5-2 land use uses the 'pt' indicator, not m2a/FU.\nPEF single score: each child must carry its EF normalisation factor (Target Max, Min=0) and EF weighting factor (Weight); EN5-2 feeds the characterised 'pt' result, not raw m²a/FU. Sum-to-1 note: EN9 reuses the same impact-category rows that EN0 already weights, and each row has a single shared Weight cell, so EN9's children do not sum to 1 — this is expected, not an error.
