#	Indicator Name	Description	Objective / Goal	Underlying Metrics	Parent Metrics	Potential Reference Values	Unit	Formula	Reference	Level	Data?	Data Source	Product Life Cycle Stages	Calculation Strategy	Example Value	Weight	Comment
EN1-1	Scope 1 - Direct Emissions	Direct emissions from owned/controlled sources (e.g., fuel combustion, company vehicles).	None	None	=HYPERLINK("#'Environmental Impact'!R[6]C[-5]","EN1-4\nEN131\nEN132\nEN133\nEN134\nEN135")	None	kg CO₂ eq.	None	ESRS E1-6\nIFRS S2\nSASB-RT-CP-110a.1	5	x	LCA	All	RAW_VALUE_STRATEGY
EN1-2	Scope 2 - Purchased Indirect Emissions	Indirect emissions from purchased electricity, heat, or steam.	None	None	=HYPERLINK("#'Environmental Impact'!R[6]C[-5]","EN1-4\nEN131\nEN132\nEN133\nEN134\nEN135")	None	kg CO₂ eq.	None	ESRS E1-6\nIFRS S2	5	x	LCA	All	RAW_VALUE_STRATEGY
EN1-3	Scope 3 - Other Indirect Emissions	Other indirect emissions from the value chain (e.g., supply chain, business travel, product use).	None	None	=HYPERLINK("#'Environmental Impact'!R[6]C[-5]","EN1-4\nEN131\nEN132\nEN133\nEN134\nEN135")	None	kg CO₂ eq.	None	ESRS E1-6\nIFRS S2	5	x	LCA	All	RAW_VALUE_STRATEGY
EN1-5	Comparable Industry PCF	The total greenhouse gas emissions of a comparable industry product across its lifecycle, taken from a PEF/EPD sector benchmark (a Product Environmental Footprint or EPD sector reference value for the product category).	None	None	=HYPERLINK("#'Environmental Impact'!A4:Q4","EN11")	None	kg CO₂ eq.	None		5	x	LCA	All	RAW_VALUE_STRATEGY
EN2-1	Energy consumption from renewable sources	Total trackable renewable energy used throughout the product's lifecycle.	None	None	=HYPERLINK("#'Environmental Impact'!A4:Q4","EN21")	None	kWh	None	RE+20	5	x		All	RAW_VALUE_STRATEGY
EN2-2	Total energy used	Total energy consumed throughout the product's lifecycle.	None	None	=HYPERLINK("#'Environmental Impact'!A19:Q19","EN21")	None	kWh	None		5	x		All	RAW_VALUE_STRATEGY
EN2-3	Water consumption from secondary sources	Total water utilized / reused from wastewater throughout the product's lifecycle.	None	None	=HYPERLINK("#'Environmental Impact'!A20:Q20","EN22")	None	m3	None		5	x		All	RAW_VALUE_STRATEGY	97500
EN2-4	Total water consumption	Total water consumption throughout the product's lifecycle.	None	None	=HYPERLINK("#'Environmental Impact'!A20:Q20","EN22")	None	m3	None		5	x		All	RAW_VALUE_STRATEGY	150000
EN3-1	Amount of hazardous waste	Total mass of hazardous waste produced throughout the product's lifecycle.	None	None	=HYPERLINK("#'Environmental Impact'!A26:Q26","EN31")	None	kg	None		5	x		D,U,E	RAW_VALUE_STRATEGY
EN3-2	Amount of hazardous materials	Total mass of hazardous material used throughout the product's lifecycle.	None	None	=HYPERLINK("#'Environmental Impact'!A27:Q27","EN32")	None	kg	None		5	x		S,M	RAW_VALUE_STRATEGY
EN3-3	Total materials used	Total mass of materials used throughout the product's lifecycle.	None	None	=HYPERLINK("#'Environmental Impact'!A27:Q27","EN32")	None	kg	None		5	x		P,S,M	RAW_VALUE_STRATEGY
EN4-1	Blue Water Footprint	Volume of freshwater withdrawn from surface or groundwater resources.	None	None	=HYPERLINK("#'Environmental Impact'!A32:Q32","EN41\nEN441\nEN442\nEN443\nEN444\nEN445")	None	m3	None	waterfootprintnetwork\nTF+25	5	x		All	RAW_VALUE_STRATEGY
EN4-2	Green Water Footprint	Volume of rainwater consumed (stored in soil or vegetation) during a product's lifecycle.	None	None	=HYPERLINK("#'Environmental Impact'!A32:Q32","EN441\nEN442\nEN443\nEN444\nEN445")	None	m3	None	waterfootprintnetwork\nTF+25	5	x		All	RAW_VALUE_STRATEGY
EN4-3	Gray Water Footprint	Volume of water required to dilute pollutants to meet water quality standards.	None	None	=HYPERLINK("#'Environmental Impact'!A36:Q36","EN441\nEN442\nEN443\nEN444\nEN445")	None	m3	None	waterfootprintnetwork\nTF+25	5	x		All	RAW_VALUE_STRATEGY
EN5-1	Land Quality Change	Measures the difference in ecological quality (or "naturalness") of land before and after it is used for a specific purpose.	None	None	=HYPERLINK("#'Environmental Impact'!A45:Q45","EN5")	None	BVI	None	JQ+25\nJPL+19	5	x		S,M	RAW_VALUE_STRATEGY
EN5-2	Land Use per Functional Unit	Measures the amount of land used involved in manufacturing the product	None	None	=HYPERLINK("#'Environmental Impact'!A45:Q45","EN5")	None	m2a / FU	None	JQ+25\nJPL+19\nEUPEF+21	5	x	LCA	S,M	RAW_VALUE_STRATEGY			A part of PEF Impact Factor of Land Use (Pt.)\nRaw m²a must be characterised (×CF) before feeding the PEF single score (EN9).
EN6-1	Ozone depletion	Measures the emissions of long-lived gases such as chlorofluorocarbons (CFCs), hydrochlorofluorocarbons (HCFCs), and Halons.	None	None	EN6	None	kg CFC-11 eq	EDIP model from ODPs of the World Meteorological Organisation (WMO) over an infinite time horizon	AO+24\nEUPEF+21	5	x	LCA	S,M,D	NORMALIZED_RATIO_STRATEGY		0.125	Product-level adaptation of org-level EF/PEF impact category (EUPEF+21).
EN6-2	Respiratory inorganics	Measures the adverse health effects on humans caused by Particulate Matter (PM) and its precursors, such as nitrogen oxides (NOx), sulfur oxides (SOx), and ammonia (NH3​)	None	None	EN6	None	Disease incidences per kg of PM2.5 (μm)	PM model (Fantke et al., 2016) as in EF/PEF	EUPEF+21	5	x	LCA	All	NORMALIZED_RATIO_STRATEGY		0.125	Product-level adaptation of org-level EF/PEF impact category (EUPEF+21).	 
EN6-3	Photochemical ozone formation	Measures the formation of ground-level (tropospheric) ozone, often referred to as "smog". It is caused by the photochemical oxidation of volatile organic compounds (VOCs) and carbon monoxide in the presence of nitrogen oxides and sunlight, which can damage vegetation and human respiratory tracts.	None	None	EN6	None	kg NMVOC eq.	LOTOS-EUROS model in ReCiPe	VZ+08\nEUPEF+21	5	x	LCA	All	NORMALIZED_RATIO_STRATEGY		0.125	Product-level adaptation of org-level EF/PEF impact category (EUPEF+21).
EN6-4	Eutrophication: Terrestrial	The product's contribution to terrestrial eutrophication: deposition of excess nitrogen compounds (from sources such as fertilisers and emissions) onto soils, measured as accumulated exceedance of critical loads (mol N eq). Self-normalized against the EF terrestrial-eutrophication normalisation factor.	None	None	EN6	None	Mole of N eq.	Accumulated Exceedance (AE) model	ILCD2011\nEUPEF+21	5	x	LCA	S,M	NORMALIZED_RATIO_STRATEGY		0.125	Product-level adaptation of org-level EF/PEF impact category (EUPEF+21).
EN6-5	Eutrophication: Marine	Measures the eutrophication occurs when excess nutrients (mainly nitrogen and phosphorus) from sources like fertilizers and sewage accelerate the growth of algae, which reaches the marine end compartment.	None	None	EN6	None	kg N eq.	EUTREND model	ReCiPe2008\nEUPEF+21	5	x	LCA	S,M	NORMALIZED_RATIO_STRATEGY		0.125	Product-level adaptation of org-level EF/PEF impact category (EUPEF+21).
EN6-6	Eutrophication: Freshwater	Measures the eutrophication occurs when excess nutrients (mainly nitrogen and phosphorus) from sources like fertilizers and sewage accelerate the growth of algae, which reaches the freshwater end compartment.	None	None	EN6	None	kg P eq.	EUTREND model	ReCiPe2008\nEUEP-FW\nEUPEF+21	5	x	LCA	S,M	NORMALIZED_RATIO_STRATEGY		0.125	Product-level adaptation of org-level EF/PEF impact category (EUPEF+21).
EN6-7	Acidification	Measures the impact of acidifying substances primarily nitrogen oxides (NOx), ammonia (NH3​), and sulfur oxides (SOx), which release hydrogen ions when mineralized.	None	None	EN6	None	Mole of H+ eq.	Accumulated Exceedance (AE) model	ILCD2011\nEUPEF+21	5	x	LCA	S,M,E	NORMALIZED_RATIO_STRATEGY		0.125	Product-level adaptation of org-level EF/PEF impact category (EUPEF+21).
EN6-8	Ionizing radiation	Measures the adverse effects on human health resulting from exposure to radioactive releases into the environment.	None	None	EN6	None	kBq U-235 eq.	Human health effect model	FR+00\nEUPEF+21	5	x	LCA	All	NORMALIZED_RATIO_STRATEGY		0.125	Product-level adaptation of org-level EF/PEF impact category (EUPEF+21).
EN7-1	Human toxicity: cancer	Measures the adverse health effects on human beings related to the intake of toxic substances that are known to cause cancer.	None	None	=HYPERLINK("#'Environmental Impact'!A57:Q57","EN7")	None	CTUh	Characterised result (CTUh, USEtox) ÷ EF normalisation factor (Target Max); Min = 0.	USEtox2.0\nEUPEF+21	5	x	LCA	S,M,D,U	NORMALIZED_RATIO_STRATEGY		0.3333	Product-level adaptation of org-level EF/PEF impact category (EUPEF+21).
EN7-2	Human toxicity: non-cancer	Measures the adverse health effects on human beings caused by the intake of toxic substances that are related to non-cancer effects.	None	None	=HYPERLINK("#'Environmental Impact'!A57:Q57","EN7")	None	CTUh	Characterised result (CTUh, USEtox) ÷ EF normalisation factor (Target Max); Min = 0.	USEtox2.0\nEUPEF+21	5	x	LCA	S,M,D,U	NORMALIZED_RATIO_STRATEGY		0.3333	Product-level adaptation of org-level EF/PEF impact category (EUPEF+21).
EN7-3	Ecotoxicity: freshwater	Measures the toxic impacts of chemical releases on a freshwater ecosystem. It measures how toxic substances damage individual species and subsequently change the structure and function of the entire ecosystem.	None	None	=HYPERLINK("#'Environmental Impact'!A57:Q57","EN7")	None	CTUe	Characterised result (CTUe, USEtox) ÷ EF normalisation factor (Target Max); Min = 0.	USEtox2.0\nEUPEF+21	5	x	LCA	S,M	NORMALIZED_RATIO_STRATEGY		0.3334	Product-level adaptation of org-level EF/PEF impact category (EUPEF+21).
EN8-1	Water Use Scarcity	Total deprivation of freshwater resources. Assesses the product's water resource consumption. (weighted deprivation water consumption)	None	None	=HYPERLINK("#'Environmental Impact'!A61:Q61","EN8")	None	m3	Characterised result (m³ deprived, AWARE) ÷ EF normalisation factor (Target Max); Min = 0.	BA+17\nEUPEF+21	5	x	LCA	S,M	NORMALIZED_RATIO_STRATEGY		0.3333	Product-level adaptation of org-level EF/PEF impact category (EUPEF+21).
EN8-2	Resource Use: Minerals & Metals	Total abiotic resource depletion (ADP ultimate reserves)	None	None	=HYPERLINK("#'Environmental Impact'!A61:Q61","EN8")	None	kg Sb eq.	Characterised result (kg Sb eq, CML2002) ÷ EF normalisation factor (Target Max); Min = 0.	OL+02\nEUPEF+21	5	x	LCA	S,M	NORMALIZED_RATIO_STRATEGY		0.3333	Product-level adaptation of org-level EF/PEF impact category (EUPEF+21).
EN8-3	Resource Use: Fossil	Total abiotic resource depletion - fossil fuels (ADP fossil)	None	None	=HYPERLINK("#'Environmental Impact'!A61:Q61","EN8")	None	MJ	Characterised result (MJ, CML2002) ÷ EF normalisation factor (Target Max); Min = 0.	OL+02\nEUPEF+21	5	x	LCA	S,M	NORMALIZED_RATIO_STRATEGY		0.3334	Product-level adaptation of org-level EF/PEF impact category (EUPEF+21).
EC1-1	Development Costs	Expenses related to designing a circular product, which may include sustainable materials and eco-design principles.	None	None	=HYPERLINK("#'Economic Viability'!A5:Q5","EC11")	None	€	None		5	x		P	RAW_VALUE_STRATEGY
EC1-2	Marketing Costs	Costs for promotional activities and campaigns to launch and promote the product.	None	None	=HYPERLINK("#'Economic Viability'!A5:Q5","EC11")	None	€	None		5	x		P	RAW_VALUE_STRATEGY
EC1-3	Operating Costs	Ongoing expenses related to manufacturing, distribution, and support.	None	None	=HYPERLINK("#'Economic Viability'!A5:Q5","EC11")	None	€	None	GRI 201-1	5	x		S,M,D,U,E	RAW_VALUE_STRATEGY
EC1-4	Revenue	Total sales revenue generated from the product also including all circular efforts such as revenue from refurbished products.	None	None	=HYPERLINK("#'Economic Viability'!A4:Q4","EC2\nEC12")	None	€	None	GRI 201-1	5	x		All	RAW_VALUE_STRATEGY
EC1-6	Labor Costs	Costs related to the labor directly involved in the production of the product.	None	None	=HYPERLINK("#'Economic Viability'!A13:Q13","EC121")	None	€	None		5	x		S,M,D	RAW_VALUE_STRATEGY
EC1-7	Overhead Costs	Indirect costs related to the production e.g. rent, utilities, deprecation, tools, etc.	None	None	=HYPERLINK("#'Economic Viability'!A13:Q13","EC121")	None	€	None		5	x		P	RAW_VALUE_STRATEGY
EC1-8	Packaging Costs	Costs related to the production of packaging needed for the product.	None	None	=HYPERLINK("#'Economic Viability'!A13:Q13","EC121")	None	€	None		5	x		M	RAW_VALUE_STRATEGY
EC1-9	Logistic Costs	Costs related to the logistics of materials, products, etc. throughout the product's lifecycle.	None	None	=HYPERLINK("#'Economic Viability'!A13:Q13","EC121")	None	€	None		5	x		D	RAW_VALUE_STRATEGY
EC3-1	Total Market Revenue	Total sales revenue generated from competitors or similar products in the market.	None	None	=HYPERLINK("#'Economic Viability'!A19:Q19","EC3")	None	€	None		5	x		All	RAW_VALUE_STRATEGY
EC4-1	Repair Profits	Profits generated with a product repair service, guaranteeing product repair for its lifespan /  defined time span.	None	None	=HYPERLINK("#'Economic Viability'!A22:Q22","EC41")	None	€	None	SASB RT-CP-410a.2\nFAC+21	5	x		U	RAW_VALUE_STRATEGY
EC4-2	R4 Material Costs	Costs associated with materials necessary for repair.	None	None	=HYPERLINK("#'Economic Viability'!A24:Q24","EC411")	None	€	None		5	x		U	RAW_VALUE_STRATEGY
EC4-3	R4 Diagnostic Costs	Costs associated with problem diagnosis before performing any repair.	None	None	=HYPERLINK("#'Economic Viability'!A24:Q24","EC411")	None	€	None		5	x		U	RAW_VALUE_STRATEGY
EC4-4	R4 QA / Testing Costs	Costs associated to ensure that the product functions correctly according to standards.	None	None	=HYPERLINK("#'Economic Viability'!A24:Q24","EC411")	None	€	None		5	x		U	RAW_VALUE_STRATEGY
EC4-5	R4 Logistics Costs	Transportation costs for moving items necessary for repair	None	None	=HYPERLINK("#'Economic Viability'!A24:Q24","EC411")	None	€	None		5	x		U	RAW_VALUE_STRATEGY
EC4-6	Refurbishment Profits	Profits generated from selling refurbished products.	None	None	=HYPERLINK("#'Economic Viability'!A29:Q29","EC42")	None	€	None	SASB RT-CP-410a.2\nFAC+21	5	x		E	RAW_VALUE_STRATEGY
EC4-7	R5 Material Costs	Costs associated with materials necessary for refurbishment.	None	None	=HYPERLINK("#'Economic Viability'!A31:Q31","EC421")	None	€	None		5	x		E	RAW_VALUE_STRATEGY
EC4-8	R5 Diagnostic Costs	Costs associated with problem diagnosis before performing any refurbishment process.	None	None	=HYPERLINK("#'Economic Viability'!A31:Q31","EC421")	None	€	None		5	x		E	RAW_VALUE_STRATEGY
EC4-9	R5 QA / Testing Costs	Costs associated to ensure that the product functions correctly according to standards.	None	None	=HYPERLINK("#'Economic Viability'!A31:Q31","EC421")	None	€	None		5	x		E	RAW_VALUE_STRATEGY
EC4-10	R5 Logistics Costs	Transportation costs for moving items necessary for refurbishment.	None	None	=HYPERLINK("#'Economic Viability'!A31:Q31","EC421")	None	€	None		5	x		E	RAW_VALUE_STRATEGY
EC4-11	R5 Update Costs	Costs associated with updates to the refurbished product.	None	None	=HYPERLINK("#'Economic Viability'!A31:Q31","EC421")	None	€	None		5	x		E	RAW_VALUE_STRATEGY
EC4-12	Repurpose Profit	Profits generated by selling (modified) product for an originally unintended use case.	None	None	=HYPERLINK("#'Economic Viability'!A37:Q37","EC43")	None	€	None	SASB RT-CP-410a.2\nFAC+21	5	x		E	RAW_VALUE_STRATEGY
EC4-13	R7 Modification Costs	Costs for modifying existing products for a new use.	None	None	=HYPERLINK("#'Economic Viability'!A39:Q39","EC431")	None	€	None		5	x		E	RAW_VALUE_STRATEGY
EC4-14	R7 Logistics Costs	Costs related to transporting or storing repurposed items.	None	None	=HYPERLINK("#'Economic Viability'!A39:Q39","EC431")	None	€	None		5	x		E	RAW_VALUE_STRATEGY
EC4-15	Recycling Savings	Savings in material costs made possible by the reuse of recycled materials.	None	None	=HYPERLINK("#'Economic Viability'!A42:Q42","EC44")	None	€	None		5	x		E	RAW_VALUE_STRATEGY
EC4-16	R8 Processing Costs	Costs related to sorting, cleaning, and processing recyclable materials.	None	None	=HYPERLINK("#'Economic Viability'!A44:Q44","EC441")	None	€	None		5	x		E	RAW_VALUE_STRATEGY
EC4-17	R8 Quality Control Costs	Costs of quality control to ensure recycled materials meet the required quality standards.	None	None	=HYPERLINK("#'Economic Viability'!A44:Q44","EC441")	None	€	None		5	x		E	RAW_VALUE_STRATEGY
EC4-18	R8 Logistics Costs	Costs of transporting materials to recycling facilities.	None	None	=HYPERLINK("#'Economic Viability'!A44:Q44","EC441")	None	€	None		5	x		E	RAW_VALUE_STRATEGY
EC4-19	Recovery Savings	Savings in energy costs made possible by the recovery from production waste.	None	None	=HYPERLINK("#'Economic Viability'!A48:Q48","EC45")	None	€	None		5	x		E	RAW_VALUE_STRATEGY
EC4-20	R9 Energy Extraction Costs	Expenses for extracting useful energy from waste.	None	None	=HYPERLINK("#'Economic Viability'!A50:Q50","EC451")	None	€	None		5	x		E	RAW_VALUE_STRATEGY
EC4-21	R9 Material Extraction Costs	Expenses for extracting useful materials from waste.	None	None	=HYPERLINK("#'Economic Viability'!A50:Q50","EC451")	None	€	None		5	x		E	RAW_VALUE_STRATEGY
EC4-22	R9 Infrastructure Costs	Investment in facilities or technology for recovery processes.	None	None	=HYPERLINK("#'Economic Viability'!A50:Q50","EC451")	None	€	None		5	x		E	RAW_VALUE_STRATEGY
EC4-23	R9 Maintenance Costs	Ongoing costs to maintain recovery operations	None	None	=HYPERLINK("#'Economic Viability'!A50:Q50","EC451")	None	€	None		5	x		E	RAW_VALUE_STRATEGY
EC4-24	Remanufacturing Profit	Profits generated from selling remanufactured products.	None	None	=HYPERLINK("#'Economic Viability'!A55:Q55","EC46")	None	€	None	SASB RT-CP-410a.2\nFAC+21	5	x		E	RAW_VALUE_STRATEGY
EC4-25	R6 Material Costs	Costs associated with materials necessary for remanufacturing.	None	None	EC461	None	€	None		5	x		E	RAW_VALUE_STRATEGY
EC4-26	R6 Diagnostic Costs	Costs associated with problem diagnosis before performing any disassembly process.	None	None	EC461	None	€	None		5	x		E	RAW_VALUE_STRATEGY
EC4-27	R6 Repair Costs	Costs associated with the repair of components from EoL units.	None	None	EC461	None	€	None		5	x		E	RAW_VALUE_STRATEGY
EC4-28	R6 QA / Testing Costs	Costs associated to ensure that the product functions correctly according to standards for new-quality unit.	None	None	EC461	None	€	None		5	x		E	RAW_VALUE_STRATEGY
EC4-29	R6 Logistics Costs	Transportation costs for moving items necessary for remanufacturing.	None	None	EC461	None	€	None		5	x		E	RAW_VALUE_STRATEGY
EC4-30	R6 Dis-/Assembly Costs	Costs associated with the disassembly of components from EoL units and the assembly of remanufactured components into a unit.	None	None	EC461	None	€	None		5	x		E	RAW_VALUE_STRATEGY
EC4-31	Virgin Material Costs	Costs associated with the usage of virgin material for producing the product. It could be the total cost of components made with virgin materials or the raw cost of virgin materials used for producing a functional unit.	None	None	=HYPERLINK("#'Economic Viability'!A64:Q64","EC47")	None	€	None		5	x		All	RAW_VALUE_STRATEGY
EC4-32	Non-Virgin Material Costs	Costs associated with the usage of non-virgin or secondary material for producing the product. It could be the total cost of components made with non-virgin materials or the raw cost of non-virgin materials used for producing a functional unit.	None	None	=HYPERLINK("#'Economic Viability'!A64:Q64","EC47")	None	€	None		5	x		All	RAW_VALUE_STRATEGY
EC5-1	Cost of CO2	The monetary cost applied to greenhouse gas emissions, based on CO2 pricing by the nEHS.	None	None	=HYPERLINK("#'Economic Viability'!A67:Q67","EC5")	None	€ / kgCO2eq	None		5	x	nEHS	All	RAW_VALUE_STRATEGY
C1-1	Number of Units Sold	Total number of units sold to customers.	None	None	=HYPERLINK("#'Circular Efforts'!A4:Q4","C11\nC12")	None	#	None		5	x		D	RAW_VALUE_STRATEGY	5000
C1-2	Amount of Reclaimed Units	Total number of units reclaimed from their EoL.	None	None	=HYPERLINK("#'Circular Efforts'!A5:Q5","C12")	None	#	None	GRI 301-3	5	x		E	RAW_VALUE_STRATEGY	1200
C1-3	Reclaimed Packaging Materials Weight	Total amount of packaging of unit reclaimed after the purchase.	None	None	=HYPERLINK("#'Circular Efforts'!A4:Q4","C11")	None	kg	None	GRI 301-3	5	x		E	RAW_VALUE_STRATEGY	200
C1-4	Total Sold Packaging Weight	Total weight of packaging materials sold to customer.	None	None	=HYPERLINK("#'Circular Efforts'!A4:Q4","C11")	None	kg	None		5	x		P,D	RAW_VALUE_STRATEGY	300
C1-5	Reclaimed Units Weight	Total weight of units reclaimed from their EoL.	None	None	=HYPERLINK("#'Circular Efforts'!A6:Q6","C13")	None	kg	None		5	x		E	RAW_VALUE_STRATEGY	3600
C1-6	Valuable components weight	Total weight of valuable components recovered from the overall reclaimed units. The rest of the non-valuable components will be used for scrap.	None	None	=HYPERLINK("#'Circular Efforts'!A6:Q6","C13")	None	kg	None		5	x		E	RAW_VALUE_STRATEGY	2800
C2-1	Number of Units assigned for Refurbishment	Number of units put into the refurbishment process.	None	None	=HYPERLINK("#'Circular Efforts'!A15:Q15","C211")	None	#	None		5	x		E	RAW_VALUE_STRATEGY	800
C2-2	Number of Successful Refurbished Units	Number of units passing the refurbishment quality check.	None	None	=HYPERLINK("#'Circular Efforts'!A15:Q15","C211")	None	#	None		5	x		E	RAW_VALUE_STRATEGY	700
C2-3	Test Result of Refurbished Units	The result of refurbished units after undergoing performance and quality testing.	None	None	=HYPERLINK("#'Circular Efforts'!A16:Q16","C212")	None	-	None		5	x		E	RAW_VALUE_STRATEGY	60
C2-4	Test Result of New Units	The result of new units after undergoing performance and quality testing.	None	None	=HYPERLINK("#'Circular Efforts'!A16:Q16","C212")	None	-	None		5	x		M	RAW_VALUE_STRATEGY	80
C2-5	Refurbishment Process Time	Time taken to finish the refurbishment of a unit.	None	None	=HYPERLINK("#'Circular Efforts'!A17:Q17","C213")	None	d	None		5	x		E	RAW_VALUE_STRATEGY	3
C2-6	Total Units assigned for Repair	Number of units put into the repairment process.	None	None	=HYPERLINK("#'Circular Efforts'!A24:Q24","C221")	None	#	None		5	x		U	RAW_VALUE_STRATEGY	500
C2-7	Total Successful Repaired Units	Number of units passing the repair quality check.	None	None	=HYPERLINK("#'Circular Efforts'!A24:Q24","C221")	None	#	None		5	x		U	RAW_VALUE_STRATEGY	450
C2-8	Lifespan of Repaired Units	The duration for which a product remains functional and usable after it has been repaired.	None	None	=HYPERLINK("#'Circular Efforts'!A25:Q25","C222")	None	years	None	RE+20\nFE+16	5	x		E	RAW_VALUE_STRATEGY	5
C2-9	Original Lifespan of Units	The estimated or documented time period for which a product remains functional after purchase.	None	None	=HYPERLINK("#'Circular Efforts'!A25:Q25","C222")	None	years	None	RE+20\nFE+16	5	x		P	RAW_VALUE_STRATEGY	10
C2-10	Repair Process Time	Time taken to finish the repairment of a unit.	None	None	=HYPERLINK("#'Circular Efforts'!A26:Q26","C223")	None	d	None		5	x		U	RAW_VALUE_STRATEGY	2
C2-11	Total components inflow	The total components (both new and secondary) included in the remanufactured product.	None	None	=HYPERLINK("#'Circular Efforts'!A33:Q33","C231")	None	kg	None		5	x		E	RAW_VALUE_STRATEGY	5000		Could be components instead, but now in kg for calculation simplicity.
C2-12	Total secondary components inflow	The total components set for quality restoration to the new product standard.	None	None	=HYPERLINK("#'Circular Efforts'!A34:Q34","C232")	None	kg	None		5	x		E	RAW_VALUE_STRATEGY	4000
C2-13	Total components remanufactured	The total components actually integrated into a remanufactured unit.	None	None	=HYPERLINK("#'Circular Efforts'!A33:Q33","C231\nC232")	None	kg	None		5	x		E	RAW_VALUE_STRATEGY	3000
C3-1	Total Product Weight	Total weight of a product unit.	None	None	=HYPERLINK("#'Circular Efforts'!A39:Q39","C31\nC32\nC33")	None	kg	None		5	x		P	RAW_VALUE_STRATEGY	5
C3-2	Recyclable Material Weight	Total weight of the recyclable material in the product. Adhering to ISO 14021 specifications.	None	None	=HYPERLINK("#'Circular Efforts'!A39:Q39","C31")	None	kg	None	ISO 14021\nRE+20	5	x		P	RAW_VALUE_STRATEGY	2
C3-3	Remanufacturable Component Weight	Total weight of remanufacturable components in the product's design.	None	None	=HYPERLINK("#'Circular Efforts'!A40:Q40","C32")	None	kg	None	RE+20	5	x		P	RAW_VALUE_STRATEGY	3
C3-4	Repurposable Component Weight	Total weight of repurposable components in the product's design.	None	None	=HYPERLINK("#'Circular Efforts'!A41:Q41","C33")	None	kg	None	WS+24	5	x		P	RAW_VALUE_STRATEGY	1
C3-5	Instructions Availability	A normalized (0–1) score for how well disassembly/repair instructions are provided — covering the availability, completeness and clarity of the product manual, exploded views and troubleshooting guidance. Self-normalized against the company's Target Min/Max band; higher means clearer, more complete instructions.	None	None	=HYPERLINK("#'Circular Efforts'!A42:Q42","C34")	User Feedback	%	(Instructions score - Min) / (Max - Min)	DS+22\nRM+23	5	x		P	NORMALIZED_RATIO_STRATEGY	0.7	0.5	Self-normalizes against company Target Min/Max (0-1 score); for C3-6 lower time is better — set Max=worst-acceptable time. Re-tagged from RAW_VALUE 2026-06 (T3.5).
C3-6	Disassembly Time	A normalized (0–1) score derived from the time required to fully disassemble the product (raw input in minutes). Self-normalized against the company's Target Min/Max band, where less disassembly time is better — so the Max is set to the worst-acceptable disassembly time. Higher score means faster, easier disassembly.	None	None	=HYPERLINK("#'Circular Efforts'!A42:Q42","C34")	Target Value: min, max	%	(Time - Min) / (Max - Min)	MM+17\nVP+18	5	x		P,E	NORMALIZED_RATIO_STRATEGY	0.7	0.5	Self-normalizes against company Target Min/Max (0-1 score); for C3-6 lower time is better — set Max=worst-acceptable time. Re-tagged from RAW_VALUE 2026-06 (T3.5).
C4-1	Virgin Material Inflow	Total amount of raw materials going in to the process. It includes all materials NOT processed from secondary materials.	None	None	=HYPERLINK("#'Circular Efforts'!A49:Q49","C4")	None	kg	None	MCI+25\nCS+16	5	x		M	RAW_VALUE_STRATEGY			Implicitly contains how much recycled materials are used for the product.
C4-2	Wasted Material Outflow	Total amount of wasted materials going out of the process. "Wasted" means not further processed for other uses.	None	None	=HYPERLINK("#'Circular Efforts'!A49:Q49","C4")	None	kg	None	MCI+25	5	x		M	RAW_VALUE_STRATEGY
C4-3	Total Mass Flow	Total amount of mass involved in the process either going in OR going out of the system in a closed loop system.	None	None	=HYPERLINK("#'Circular Efforts'!A49:Q49","C4")	None	kg	None	MCI+25	5	x		M	RAW_VALUE_STRATEGY			Holds product mass M; C4 applies the ×2 (total mass flow 2M) per MCI Eq. 2.10.
C5-1	Refurbished product weight	The total product weight sent to the refurbishing pipeline.	None	None	=HYPERLINK("#'Circular Efforts'!A53:Q53","C5")	None	kg	None		5	x		E	RAW_VALUE_STRATEGY
C5-2	Remanufactured component weight	The total component weight sent to the remanufacturing pipeline.	None	None	=HYPERLINK("#'Circular Efforts'!A53:Q53","C5")	None	kg	None		5	x		E	RAW_VALUE_STRATEGY
C5-3	Repurposed component weight	The total component weight sent for repurposing as another product.	None	None	=HYPERLINK("#'Circular Efforts'!A53:Q53","C5")	None	kg	None		5	x		E	RAW_VALUE_STRATEGY
C5-4	Recycled component weight	The total component weight recycled into secondary materials. Does not consider the quality difference after recycling.	None	None	=HYPERLINK("#'Circular Efforts'!A53:Q53","C5")	None	kg	None		5	x		E	RAW_VALUE_STRATEGY
R1-1	Total byproduct of outflow	The total amount of mass of material and waste produced throughout the production process.	None	None	=HYPERLINK("#'Resource Efficiency'!A5:Q5","R111\nR112")	None	kg	None	ESRS E5-5	5	x		M	RAW_VALUE_STRATEGY
R1-2	Recirculated byproduct derived from outflow	The total amount of mass of material and waste reused or reutilized in the same process cycle.	None	None	=HYPERLINK("#'Resource Efficiency'!A5:Q5","R111")	None	kg	None	GRI 306-4\nESRS E5-5	5	x		M	RAW_VALUE_STRATEGY
R1-3	Repurposed byproduct derived from outflow	The total amount of mass of material and waste reused outside of the product's process cycle.	None	None	=HYPERLINK("#'Resource Efficiency'!A6:Q6","R112")	None	kg	None	GRI 306-4\nESRS E5-5	5	x		M	RAW_VALUE_STRATEGY
R1-4	Mass of Product Unit	Total weight of a single product unit.	None	None	=HYPERLINK("#'Resource Efficiency'!A8:Q8","R121")	None	kg	None		5	x		P,M,D	RAW_VALUE_STRATEGY
R1-5	Reference Product Waste	A benchmark waste amount for similar products, used as reference value.	None	None	=HYPERLINK("#'Resource Efficiency'!A8:Q8","R121\nR12")	None	kg	None		5	x		E	RAW_VALUE_STRATEGY		0.5	ARCHIVED 2026-06-25 (T3.6): the reference-product-waste comparison was dropped from R12 (the NORMALIZED Target Min/Max band already encodes the reference level). No longer scored; kept as a recordable figure. Reversible.
R1-6	Product Cyclable Potential	Total potential of reusable, recyclable, repurposable materials from a disposed product unit.	None	None	=HYPERLINK("#'Resource Efficiency'!A8:Q8","R121")	None	kg	None		5	x		E	RAW_VALUE_STRATEGY
R2-1	Total potential energy of outflow	The total amount of energy that can be derived from the resource outflow throughout the product's lifecycle. It includes potentials from all forms of resource outflow e.g. heat, waste, etc.	None	None	=HYPERLINK("#'Resource Efficiency'!A18:Q18","R212")	None	kWh	None		5	x		M	RAW_VALUE_STRATEGY
R2-2	Generated energy derived from outflow	The amount of energy actually generated from the resource outflow.	None	None	=HYPERLINK("#'Resource Efficiency'!A17:Q17","R211\nR212")	None	kWh	None	Module D - EN15804+A2	5	x		M	RAW_VALUE_STRATEGY
R2-3	Recirculated energy derived from outflow	The amount of energy recirculated back to the product's lifecycle.	None	None	=HYPERLINK("#'Resource Efficiency'!A18:Q18","R212")	None	kWh	None		5	x		M	RAW_VALUE_STRATEGY
R2-4	Stored energy derived from outflow	The amount of energy stored from the generated energy.		None	=HYPERLINK("#'Resource Efficiency'!A19:Q19","R213")		kWh			5	x			RAW_VALUE_STRATEGY
R2-5	Operational Output Energy	The amount of energy effectively used for the desired output of the product.	None	None	=HYPERLINK("#'Resource Efficiency'!A22:Q22","R222")		kWh	None		5	x	Customer / Product Data		RAW_VALUE_STRATEGY
R2-6	Operational Input Energy	The amount of energy supplied to the product.	None	None	=HYPERLINK("#'Resource Efficiency'!A22:Q22","R222")		kWh	None		5	x	Customer / Product Data		RAW_VALUE_STRATEGY
R2-7	Total produced units	The total number of units produced during the referenced time period.	None	None	=HYPERLINK("#'Resource Efficiency'!A22:Q22","R222\nEC5")	None	Units	None		5	x		M	RAW_VALUE_STRATEGY			Shared denominator: also feeds EC5 (CO2 cost) and EN41 (water intensity). Intentional cross-domain reuse — keep a single canonical produced-units figure.
R2-8	Logistics Energy Consumption	The total energy consumption for transportation and distribution of products. Includes reverse logistics.	None	None	=HYPERLINK("#'Resource Efficiency'!A22:Q22","R222")	None	kWh	None		5	x		M	RAW_VALUE_STRATEGY
R2-9	Total energy inflow (Current)	The total amount of energy coming into the system's boundary to be used throughout the product's lifecycle.	None	None	=HYPERLINK("#'Resource Efficiency'!A23:Q23","R223")	None	kWh	None	SASB RT-EE-130a.1	5	x		S	RAW_VALUE_STRATEGY
R2-10	Total energy inflow (Previous)	The total amount of energy coming into the system's boundary throughout the product's lifecycle, measured in the previous (baseline) timeframe — used as the comparison baseline for the energy-inflow reduction in R224.	None	None	=HYPERLINK("#'Resource Efficiency'!A22:Q22","R222\nR223")	None	kWh	None	SASB RT-EE-130a.1	5	x		S	RAW_VALUE_STRATEGY
R2-11	Total manufacturing energy	The amount of energy spent during the manufacturing or production phase.	None	None	=HYPERLINK("#'Resource Efficiency'!A22:Q22","R222")	None	kWh	None		5	x		M	RAW_VALUE_STRATEGY
R3-1	Treated water from outflow	The total amount of water outflow that is undergoing treatment to recover its quality up to a certain standard.	None	None	=HYPERLINK("#'Resource Efficiency'!A37:Q37","R311")	None	m3	None	GRI 303-2	5	x		M	RAW_VALUE_STRATEGY
R3-2	Total water outflow	The total volume of water output throughout the product's lifecycle still within the system's boundaries e.g. resulting water waste from manufacturing.	None	None	=HYPERLINK("#'Resource Efficiency'!A37:Q37","R311\nR312")	None	m3	None		5	x		M	RAW_VALUE_STRATEGY
R3-3	Recirculated water derived from outflow	The total amount of water outflow that is reused or reutilized back as inflow in the product's lifecycle processes.	None	None	=HYPERLINK("#'Resource Efficiency'!A38:Q38","R312")	None	m3	None	ESRS E3-4	5	x		M	RAW_VALUE_STRATEGY
R3-4	Total process water consumption	The total volume of water intake needed throughout the product's process cycle.	None	None	=HYPERLINK("#'Resource Efficiency'!A39:Q39","R32")	None	m3	None	ESRS E3-4\nGRI 303-5\nSASB RT-CP-130a.1	5	x		M	RAW_VALUE_STRATEGY			Quantitative water-consumed datapoint is SASB RT-CP-130a.1 (not 140a.1, which is the qualitative water-risk discussion); grounded by ESRS E3-4 + GRI 303-5. AM+22 source not in corpus.
R3-5	Total water discharge	The total volume of water discharged out of the process' system boundary e.g. waste water discharged into an external water waste management system or lake.	None	None	=HYPERLINK("#'Resource Efficiency'!A40:Q40","R33")	None	m3	None	GRI 303-4	5	x		M	RAW_VALUE_STRATEGY			Product-level water-discharge adaptation (product boundary vs. org facility); grounded by GRI 303-4. AM+22 source not in corpus.
S1-1	Number of Total Suppliers	Number of suppliers for sourcing and procurement involved throughout the whole product's lifecycle.	None	None	=HYPERLINK("#'Social Impact'!A4:Q4","S11\nS12")	None	#	None		5	x		S	RAW_VALUE_STRATEGY
S1-2	Number of Certified Ethical Suppliers	Number of suppliers certified from ethical standard bodies such as the Global Organic Textile Standard (GOTS), Fairmined, Fair Trade USA, the Rainforest Alliance, etc.	None	None	=HYPERLINK("#'Social Impact'!A4:Q4","S11")	None	#	None		5	x		S	RAW_VALUE_STRATEGY
S1-3	Number of Local Suppliers	Number of suppliers located in the community. If not possible, extends to the same country.	None	None	=HYPERLINK("#'Social Impact'!A5:Q5","S12")	None	#	None		5	x		S	RAW_VALUE_STRATEGY
S2-1	Customer Feedback Results	Customer feedback results.	None	None	=HYPERLINK("#'Social Impact'!A10:Q10","S21")	None	-	None	ISO 10004	5	x		U	RAW_VALUE_STRATEGY
S2-2	Number of Surveyee	The total number of survey respondents in a given timeframe.	None	None	=HYPERLINK("#'Social Impact'!A10:Q10","S21")	None	#	None		5	x		U	RAW_VALUE_STRATEGY
S2-3	Number of Customers	The total number of customers in a given timeframe.	None	None	=HYPERLINK("#'Social Impact'!A11:Q11","S22")	None	#	None		5	x		U	RAW_VALUE_STRATEGY
S2-4	Reported Customer Incidents	Total customer safety incidents related to the use of the product.	None	None	=HYPERLINK("#'Social Impact'!A11:Q11","S22")	None	#	None	GRI 416-2	5	x		U	RAW_VALUE_STRATEGY
S2-5	Response Times	The time taken to respond to customer inquiries and complaints.	None	None	=HYPERLINK("#'Social Impact'!A16:Q16","S23")	None	time	None		5	x		U	RAW_VALUE_STRATEGY
S2-6	Number of Inquiries	The total number of customer-service inquiries and complaints received in a given timeframe; denominator of S23 (response-time average) and S24 (service-satisfaction average).	None	None	=HYPERLINK("#'Social Impact'!A16:Q16","S23\nS24")	None	#	None		5	x		U	RAW_VALUE_STRATEGY
S2-7	Service Feedback Results	The feedback score or ratings for the response given to customers.	None	None	=HYPERLINK("#'Social Impact'!A17:Q17","S24")	None	-	None		5	x		U	RAW_VALUE_STRATEGY
S3-1	Employee Feedback Results	Aggregate result of employee satisfaction/engagement surveys (e.g. CSAT/eNPS), used as the numerator of S31.	None	None	=HYPERLINK("#'Social Impact'!A22:Q22","S31")	None	-	None	ESRS S1	5	x		M	RAW_VALUE_STRATEGY
S3-2	Total Employee	The total amount of employee directly involved in the product.	None	None	=HYPERLINK("#'Social Impact'!A23:Q23","S31\nS32\nS33")	None	#	None	GRI 2-7\nESRS S1-6	5	x		P,M	RAW_VALUE_STRATEGY
S3-3	Number of Local Employee	The total local residents employed involved in the product.	None	None	=HYPERLINK("#'Social Impact'!A23:Q23","S32")	None	#	None	GRI 2-7	5	x		P,M	RAW_VALUE_STRATEGY
S3-4	Reported Workplace Incident	Number of workplace safety incidents per employee, aimed at minimizing risks.	None	None	=HYPERLINK("#'Social Impact'!A24:Q24","S33")	None	#	None	GRI 403-9\nGRI 403-10\nESRS S1-1\nESRS S1-14	5	x		M	RAW_VALUE_STRATEGY
S3-5	Average Cost of Living	Wage-adequacy against local cost of living, scored 0–1 by comparing average employee salary (S3-6) to the local cost of living and benchmarking against a company target (per PSILCA's salary/living-wage ratio).		None	=HYPERLINK("#'Social Impact'!A29:Q29","S34")	None	€	None		5	x		P	NORMALIZED_RATIO_STRATEGY		0.3333	Self-normalized 0–1 wage-adequacy component of S34 (input unit € is the raw input unit); scored against a company target, not a living-wage denominator (open re-model question, out of scope this pass).
S3-6	Average Employee Salary	Average employee salary scored 0–1 by comparison to a company wage-adequacy target (e.g. salary vs local cost of living / living wage, per PSILCA p.38). Higher means pay is more adequate relative to the local standard of living.		None	=HYPERLINK("#'Social Impact'!A29:Q29","S34")	None	€	None	GRI 201-1	5	x		P	NORMALIZED_RATIO_STRATEGY		0.3333	Self-normalized 0–1 salary-adequacy component of S34 (input unit € is the raw input unit); GRI 201-1 grounds the absolute-salary figure, PSILCA the salary/living-wage normalization.
S3-7	Job Creation	Jobs created for the product, scored 0–1 against a company job-creation target. Based on GRI 401-1 new-hire count, normalized so a higher score means more jobs created relative to target.		None	=HYPERLINK("#'Social Impact'!A29:Q29","S34")	None	#	None	GRI 401-1	5	x		P	NORMALIZED_RATIO_STRATEGY		0.3334	Self-normalized 0–1 job-creation component of S34 (input unit # is the raw input unit); GRI 401-1 grounds the new-hire count, normalized against a company target.
C2-14	Total remanufactured products	The total product / unit remanufactured.	None	None	C233	None	#	None		5	x		E	RAW_VALUE_STRATEGY	500
C5-5	Discarded component weight	The total component weight scrapped, discarded, or marked as waste.	None	None	C5	None	kg	None		5	x		E	RAW_VALUE_STRATEGY
