#	Indicator Name	Description	Objective / Goal	Underlying Metrics	Parent Metrics	Potential Reference Values	Unit	Formula	Reference	Level	Data?	Data Source	Product Life Cycle Stages	Calculation Strategy	Example Values	Weight	Comment	Target Min	Target Max	Value	Reference Value
R0	Resource Efficiency Score	Aggregates the product's overall resource efficiency into one score by combining its material efficiency (R1), energy efficiency (R2), and water efficiency (R3). Provides one figure to prioritize material-, energy-, and water-saving and circularity actions.	To provide one single metric to prioritize material-saving and circularity actions.	R1\nR2\nR3	None	None	%	Sum (weight * R1 + weight * R2 + weight * R3)		1			All	WEIGHTED_AVERAGE_STRATEGY
R1	Material Efficiency Score	Aggregates the product's material-efficiency performance into one score by combining how much of the resource outflow is reutilized as material of value (R11) and how much of the product's mass is recoverable at end of life (R12). Higher means more material is kept in use and less becomes waste.	To reduce material consumption and increase material reutilization.	R11\nR12	R0	None	%	Sum (weight * R11 + weight * R12)		2			P,M,D,E	WEIGHTED_AVERAGE_STRATEGY		0.3333
R11	Reutilized Material Performance	Measures the reutilization of the resource outflow that can be cycled as material of value within or outside the production process.	To increase circular resource use and to reduce material waste.	R111\nR112	R1	None	%	Sum (weight * R111 + weight * R112)	ISO 59020\nC2C	3			M	WEIGHTED_AVERAGE_STRATEGY		0.5	Org->product adaptation: the reutilization share concept is grounded in ISO 59020 A.3.3 (reused mass / total outflow mass), applied here at product level. ACM+17 source not in corpus; ISO 59020 is the retrievable ground.
R111	Reused Byproduct Share	Measures the percentage of byproduct which is reused back into the product's lifecycle.	To minimize raw material needs and disposal efforts.	R1-1\nR1-2	R11	Target Value: min, max	%	Reused = Recirculated mass derived from outflow / Total mass of outflow\n\n(Reused - Min) / (Max - Min)		4			M	NORMALIZED_RATIO_STRATEGY		0.5	Min/Max seeded to default 0/1 — this ratio is already a 0-1 score; override only to score against a tighter target band. See reviews/min-max-sourcing.md (T1.2).	0	1
R112	Repurposed Byproduct Share	Measures the share of the production's total byproduct outflow (R1-1) that is repurposed into another external product or system (R1-3). Higher means more outflow finds value outside the original lifecycle.	To create value from outflows and reduce waste.	R1-1\nR1-3	R11	Target Value: min, max	%	Repurposed = Repurposed mass derived from outflow / Total mass of outflow\n\n(Repurposed - Min) / (Max - Min)		4			M	NORMALIZED_RATIO_STRATEGY		0.5	Min/Max seeded to default 0/1 — this ratio is already a 0-1 score; override only to score against a tighter target band. See reviews/min-max-sourcing.md (T1.2).	0	1
R12	End-of-Life Recoverability	Measures the share of a product unit's mass that can be cycled back at end of life — reused, recycled, or repurposed — instead of becoming waste. Higher means more of the product is recoverable.	To maximize the share of product mass that is recoverable at end of life.	R1-4\nR1-6	R1	Target Value: min, max\nIndustry Average	%	Recoverability = 1 - (Mass of Product Unit - Cyclable Potential) / Mass of Product Unit = Cyclable Potential / Mass of Product Unit		3			P,M,D,E	NORMALIZED_RATIO_STRATEGY		0.5	End-of-Life Waste = (Mass of Product Unit - Cyclable Potential) / Mass — the product waste share, NORMALIZED against company Target Min/Max. 2026-06-25 (T3.6): folded in the former R121 (identical formula) and dropped the R1-5 reference-product-waste comparison (the Min/Max band already encodes the reference level); this removed the earlier kg-vs-share dimensional mismatch and its needs_review flag. | 2026-06-26: flipped direction (user decision). Was 'End-of-Life Waste' = (Mass - Cyclable)/Mass — a waste share (lower=better) that was never complemented, so it scored backwards under the higher=better normalization. Reformulated as the complement 1 - (Mass - Cyclable)/Mass = Cyclable/Mass = recoverable share (higher=better), renamed 'End-of-Life Recoverability', and seeded Min=0/Max=1 (now a bounded ratio; moved from PERFORMANCE_DIRECTION to SEED_01). See reviews/min-max-sourcing.md.	0	1
R121	Product Waste Share	Measures the amount of waste generated, when the product is disposed.	To monitor how much of each product becomes waste and enable circular design improvements.			Target Value: min, max	%	Waste = (Mass of Product Unit - Potential cyclable waste of product unit) / Mass of Product Unit		4			P,M,D,E	NORMALIZED_RATIO_STRATEGY		0.5	Similar to "Circular EoL Handling" but not focused on the "R" principles. | Product Waste Share = (Mass - Cyclable Potential)/Mass; a real ratio (WEIGHTED_RATIO does not divide). Self-normalizes against company Target Min/Max. Re-tagged WEIGHTED_RATIO->NORMALIZED_RATIO 2026-06 (T3.6). | ARCHIVED 2026-06-25 (T3.6): folded into R12 (End-of-Life Waste), which now carries this exact (Mass - Cyclable)/Mass computation directly. Unwired; reversible.
R1-1	Total byproduct of outflow	The total amount of mass of material and waste produced throughout the production process.	None	None	R111\nR112	None	kg	None	ESRS E5-5	5	x		M	RAW_VALUE_STRATEGY
R1-2	Recirculated byproduct derived from outflow	The total amount of mass of material and waste reused or reutilized in the same process cycle.	None	None	R111	None	kg	None	GRI 306-4\nESRS E5-5	5	x		M	RAW_VALUE_STRATEGY
R1-3	Repurposed byproduct derived from outflow	The total amount of mass of material and waste reused outside of the product's process cycle.	None	None	R112	None	kg	None	GRI 306-4\nESRS E5-5	5	x		M	RAW_VALUE_STRATEGY
R1-4	Mass of Product Unit	Total weight of a single product unit.	None	None	R12	None	kg	None		5	x		P,M,D	RAW_VALUE_STRATEGY		0.5
R1-5	Reference Product Waste	A benchmark waste amount for similar products, used as reference value.	None	None		None	kg	None		5	x		E	RAW_VALUE_STRATEGY		0.5	ARCHIVED 2026-06-25 (T3.6): the reference-product-waste comparison was dropped from R12 (the NORMALIZED Target Min/Max band already encodes the reference level). No longer scored; kept as a recordable figure. Reversible.
R1-6	Product Cyclable Potential	Total potential of reusable, recyclable, repurposable materials from a disposed product unit.	None	None	R12	None	kg	None		5	x		E	RAW_VALUE_STRATEGY		0.5
R2	Energy Efficiency Score	Aggregates the product's energy performance into one score by combining its energy-recovery performance (R21) and its energy-consumption performance (R22). Higher means more energy is recovered/reused and less is consumed per output across the product's life cycle.	To provide an overview of current energy utilization metrics to prioritize energy-saving and circular energy actions.	R21\nR22	R0	None	%	Sum (weight * R21 + weight * R22)		2			S,M	WEIGHTED_AVERAGE_STRATEGY		0.3333
R21	Energy Recovery Performance	Measures how performant the energy recovery system of the product pipeline is. It evaluates the amount of energy that can be recovered from the non-circular resource outflow and how much of it is reused back into the product pipeline.	To increase circular energy use.	R211\nR212\nR213	R2	None	%	Sum (weight * R211 + weight * R212 )	ISO 59020\nSASB RT-CP-130a.1\nModule D - EN15804+A2	3			M	WEIGHTED_AVERAGE_STRATEGY		0.5	Only applicable when there exist self-generated energy.
R211	Regeneration of Energy	Measures the overall energy generated from the resource outflow of the product's lifecycle.	To capture value from outflows and improve energy circularity.	R2-1\nR2-2	R21	Target Value: min, max	%	Regen = Generated Energy / Potential Energy\n\n(Regen - Min) / (Max - Min)	Module D - EN15804+A2	4			M	NORMALIZED_RATIO_STRATEGY		0.3333	Min/Max seeded to default 0/1 — this ratio is already a 0-1 score; override only to score against a tighter target band. See reviews/min-max-sourcing.md (T1.2).	0	1
R212	Reused Energy Share	Measures the percentage of generated energy in the product's lifecycle which is reused back into the process pipeline.	To maximize reuse of energy with the goal of reducing purchased energy.	R2-2\nR2-3	R21	Target Value: min, max	%	Reuse = Recirculated Energy / Generated Energy\n\n(Reuse - Min) / (Max - Min)	ISO 59020\nModule D - EN15804+A2	4			M	NORMALIZED_RATIO_STRATEGY		0.3333	Min/Max seeded to default 0/1 — this ratio is already a 0-1 score; override only to score against a tighter target band. See reviews/min-max-sourcing.md (T1.2).	0	1
R213	Stored Energy Share	Measures the share of recovered/generated energy (R2-2) that is put into storage rather than immediately reused — stored energy (R2-4) ÷ generated energy (R2-2), in any form (electricity, heat, etc.). Higher means more recovered energy is buffered for later use.		R2-2\nR2-4	R21	Target Value: min, max	%	Stored = Stored Energy / Generated Energy\n\n(Stored - Min) / (Max - Min)		4			M	NORMALIZED_RATIO_STRATEGY		0.3334	Min/Max seeded to default 0/1 — this ratio is already a 0-1 score; override only to score against a tighter target band. See reviews/min-max-sourcing.md (T1.2).	0	1
R22	Energy Consumption Performance	Measures the energy consumed per defined output (functional unit) across the product's lifecycle.	To give an overview of current energy consumption metrics, reduce overall energy consumption, and enables benchmarking.	R221\nR222\nR223\nR224	R2	Target Value: min, max\nIndustry Average	%	Sum (weight * R221 + … + weight * R223)	GRI 302-2\nGRI 302-3\nGRI 302-5\nESRS E1-5	3			S,M	WEIGHTED_AVERAGE_STRATEGY		0.5
R221	End User Energy Efficiency	Measures how efficiently the product converts supplied energy into useful output during the use phase — operational output energy (R2-5) ÷ operational input energy (R2-6). Higher means less energy is wasted to deliver the same product function.		R2-5\nR2-6	R22	Target Value: min, max	%	Performance = Output / Input	GRI 302-5	4			U	NORMALIZED_RATIO_STRATEGY		0.25	End User Energy Efficiency = Output/Input; a real ratio. Self-normalizes against company Target Min/Max. Re-tagged WEIGHTED_RATIO->NORMALIZED_RATIO 2026-06 (T3.6).
R222	Energy Intensity Performance	Measures the energy consumption needed to produce or manufacture the products.		R2-11\nR2-7	R22	Target Value: min, max	%	Intensity = Total manufacturing energy / Total produced units\n\n(Intensity - Min) / (Max - Min)	GRI 302-3	4			All	NORMALIZED_RATIO_STRATEGY		0.25	Declines in energy intensity are a proxy for efficiency improvements.
R223	Logistics Energy Performance	Measures the share of energy consumption for transportation and distribution of products. Includes reverse logistics.		R2-8\nR2-9	R22	Target Value: min, max	%	Logistics = Total energy consumption for logistics / Total energy inflow (Current)\n\n(Logistics - Min) / (Max - Min)	GRI 302-2	4			S,D	NORMALIZED_RATIO_STRATEGY		0.25
R224	Energy Inflow Improvement	Measures the reduction of total energy used throughout the product's life cycle.	To track continuous improvement and progress towards energy targets.	R2-9\nR2-10	R22	Target Value: min, max\nValue of another Timeframe	%	Reduction = [Total energy inflow] Current / Previous\n\n(Reduction - Min) / (Max - Min)	ESRS E1-5\nGRI 302-4\nSASB RT-EE-130a.1	3			S,M	NORMALIZED_RATIO_STRATEGY		0.25
R2-1	Total potential energy of outflow	The total amount of energy that can be derived from the resource outflow throughout the product's lifecycle. It includes potentials from all forms of resource outflow e.g. heat, waste, etc.	None	None	R211	None	kWh	None		5	x		M	RAW_VALUE_STRATEGY
R2-2	Generated energy derived from outflow	The amount of energy actually generated from the resource outflow.	None	None	R211\nR212\nR213	None	kWh	None	Module D - EN15804+A2	5	x		M	RAW_VALUE_STRATEGY
R2-3	Recirculated energy derived from outflow	The amount of energy recirculated back to the product's lifecycle.	None	None	R212	None	kWh	None		5	x		M	RAW_VALUE_STRATEGY
R2-4	Stored energy derived from outflow	The amount of energy stored from the generated energy.		None	R213		kWh			5	x			RAW_VALUE_STRATEGY
R2-5	Operational Output Energy	The amount of energy effectively used for the desired output of the product.	None	None	R221		kWh	None		5	x	Customer / Product Data		RAW_VALUE_STRATEGY		0.5
R2-6	Operational Input Energy	The amount of energy supplied to the product.	None	None	R221		kWh	None		5	x	Customer / Product Data		RAW_VALUE_STRATEGY		0.5
R2-7	Total produced units	The total number of units produced during the referenced time period.	None	None	EC5\nEN41\nR222	None	Units	None		5	x		M	RAW_VALUE_STRATEGY			Shared denominator: also feeds EC5 (CO2 cost) and EN41 (water intensity). Intentional cross-domain reuse — keep a single canonical produced-units figure.
R2-8	Logistics Energy Consumption	The total energy consumption for transportation and distribution of products. Includes reverse logistics.	None	None	R223	None	kWh	None		5	x		M	RAW_VALUE_STRATEGY
R2-9	Total energy inflow (Current)	The total amount of energy coming into the system's boundary to be used throughout the product's lifecycle.	None	None	R223\nR224	None	kWh	None	SASB RT-EE-130a.1	5	x		S	RAW_VALUE_STRATEGY
R2-10	Total energy inflow (Previous)	The total amount of energy coming into the system's boundary throughout the product's lifecycle, measured in the previous (baseline) timeframe — used as the comparison baseline for the energy-inflow reduction in R224.	None	None	R224	None	kWh	None	SASB RT-EE-130a.1	5	x		S	RAW_VALUE_STRATEGY
R2-11	Total manufacturing energy	The amount of energy spent during the manufacturing or production phase.	None	None	R222	None	kWh	None		5	x		M	RAW_VALUE_STRATEGY
R3	Water Efficiency Score	Aggregates the product's water-efficiency performance into one score by combining its water-savings performance (R31, treatment + reuse), its water-consumption reduction over time (R32), and its water-utilization efficiency (R33, intake vs. discharge). Provides an overview for prioritizing water-saving and circular-water actions across the product's life cycle.	To provide an overview of current water utilization metrics to prioritize water-saving and circular water actions.	R31\nR32\nR33	R0	None	%	Sum (weight * R31 + … + weight * R33)		2			M	WEIGHTED_AVERAGE_STRATEGY		0.3334
R31	Water Savings Performance	Measures how performant the implemented efficiency measures for water treatment and the reuse of water derived from outflow.	To demonstrate effectiveness of water recovery and treatment efforts.	R311\nR312	R3	None	%	Sum (weight * R311 + weight * R312)		3			M	WEIGHTED_AVERAGE_STRATEGY		0.3333
R311	Treated Water Share	Measures the share of processed / treated waste water into usable water.	To increase the amount of water available for reuse and reduce freshwater consumption.	R3-1\nR3-2	R31	Target Value: min, max	%	Treated = Treated water from outflow / Total water outflow\n\n(Treated - Min) / (Max - Min)	GRI 303-2	4			M	NORMALIZED_RATIO_STRATEGY		0.5	Min/Max seeded to default 0/1 — this ratio is already a 0-1 score; override only to score against a tighter target band. See reviews/min-max-sourcing.md (T1.2).\nProduct-level treated-water share; GRI 303-2 grounds treatment-to-a-quality-standard, but the treated÷outflow share is author-defined (AM+22 source not in corpus).	0	1
R312	Reused Water Share	Measures the share of recirculated water back into the processes involved in the product's lifecycle.	To improve the capability of current water recirculation efforts.	R3-2\nR3-3	R31	Target Value: min, max	%	Reused = Recirculated water derived from outflow / Total water outflow\n\n(Reused - Min) / (Max - Min)	ESRS E3-4	4			M	NORMALIZED_RATIO_STRATEGY		0.5	Min/Max seeded to default 0/1 — this ratio is already a 0-1 score; override only to score against a tighter target band. See reviews/min-max-sourcing.md (T1.2).\nProduct-level reused-water share; adapts ESRS E3-4 'total water recycled and reused (m3)' to a share of outflow. Band author-defined.	0	1
R32	Water Consumption Reduction	Measures the reduction in the product's water consumption relative to a previous period, computed as the ratio of current to previous water consumption (R3-4 against its previous-period reference). Lower is better — a smaller ratio means a larger reduction — so it is scored against an inverted target band (Min > Max).	To track continuous improvement in absolute water use.	R3-4	R3	Target Value: min, max\nValue of another Timeframe	%	Reduction = [Total process water consumption] Current / Previous\n\n(Reduction - Min) / (Max - Min)	ESRS E3-4	3			M	NORMALIZED_RATIO_STRATEGY		0.3333	Lower-is-better: set an inverted Target Min/Max band (Min > Max) so a smaller current/previous ratio scores higher. See reviews/min-max-sourcing.md (band direction).
R33	Water Utilization Efficiency	Measures the ratio between the inflow of water for consumption and the water waste discharged out of the system's boundary. It evaluates the overall efficiency of the product's water lifecycle.	To reduce the amount of water produced as waste water.	R3-4\nR3-5	R3	Target Value: min, max	%	Ratio = 1 - (Total water discharge / Total process water consumption)\n\n(Ratio - Min) / (Max - Min)		3			M	NORMALIZED_RATIO_STRATEGY		0.3334	Min/Max seeded to default 0/1 — this ratio is already a 0-1 score; override only to score against a tighter target band. See reviews/min-max-sourcing.md (T1.2).	0	1
R3-1	Treated water from outflow	The total amount of water outflow that is undergoing treatment to recover its quality up to a certain standard.	None	None	R311	None	m3	None	GRI 303-2	5	x		M	RAW_VALUE_STRATEGY
R3-2	Total water outflow	The total volume of water output throughout the product's lifecycle still within the system's boundaries e.g. resulting water waste from manufacturing.	None	None	R311\nR312	None	m3	None		5	x		M	RAW_VALUE_STRATEGY
R3-3	Recirculated water derived from outflow	The total amount of water outflow that is reused or reutilized back as inflow in the product's lifecycle processes.	None	None	R312	None	m3	None	ESRS E3-4	5	x		M	RAW_VALUE_STRATEGY
R3-4	Total process water consumption	The total volume of water intake needed throughout the product's process cycle.	None	None	R32\nR33	None	m3	None	ESRS E3-4\nGRI 303-5\nSASB RT-CP-130a.1	5	x		M	RAW_VALUE_STRATEGY			Quantitative water-consumed datapoint is SASB RT-CP-130a.1 (not 140a.1, which is the qualitative water-risk discussion); grounded by ESRS E3-4 + GRI 303-5. AM+22 source not in corpus.
R3-5	Total water discharge	The total volume of water discharged out of the process' system boundary e.g. waste water discharged into an external water waste management system or lake.	None	None	R33	None	m3	None	GRI 303-4	5	x		M	RAW_VALUE_STRATEGY			Product-level water-discharge adaptation (product boundary vs. org facility); grounded by GRI 303-4. AM+22 source not in corpus.
